slug	date	len	title
benefits-complete-osrs-flipping-guide-old-school-runescape		37168	Benefits Complete OSRS Flipping Guide - Old School Runescape
best-secret-money-makers-p2p-low-requirements-500k-1-2m-p-h-runescape-2007-oldschool	23/11/2016	4920	BEST SECRET MONEY MAKERS P2P LOW REQUIREMENTS 500k-1.2m P/H! - Runescape 2007 Oldschool
worthless-to-wall-street-ep-16-the-return-osrs-merching-5m-start	09/11/2016	1765	Worthless to Wall Street Ep 16!! THE RETURN [OSRS Merching] [5M Start]
worthless-to-wall-street-ep-15-my-secret-item-osrs-merching-5m-start	02/10/2016	1765	Worthless to Wall Street Ep 15!! MY SECRET ITEM [OSRS Merching] [5M Start]
worthless-to-wall-street-ep-17-unreal-progress-osrs-merching-5m-start	17/11/2016	1765	Worthless to Wall Street Ep 17!! UNREAL PROGRESS!! [OSRS Merching] [5M Start]
osrs-grand-exchange-only-challenge-5-money-making-skilling-and-flipping-with-the-ge-only	07/05/2017	1421	[OSRS] Grand Exchange Only Challenge #5 -  Money Making , Skilling and Flipping with the GE Only!
worthless-to-wall-street-ep-12-omg-massive-flips-osrs-merching-5m-start	05/08/2016	1419	Worthless to Wall Street Ep 12!! OMG MASSIVE FLIPS!! [OSRS Merching] [5M Start]
worthless-to-wall-street-ep-13-big-highs-big-lows-osrs-merching-5m-start	18/08/2016	1419	Worthless to Wall Street Ep 13!! BIG HIGHS = BIG LOWS [OSRS Merching] [5M Start]
worthless-to-wall-street-ep-14-the-bucket-helm-g-osrs-merching-5m-start	24/08/2016	1419	Worthless to Wall Street Ep 14!! THE BUCKET HELM (G) [OSRS Merching] [5M Start]
worthless-to-wall-street-ep-11-omg-biggest-flips-yet-osrs-merching-5m-start	02/08/2016	1353	Worthless to Wall Street Ep 11!! OMG BIGGEST FLIPS YET!! [OSRS Merching] [5M Start]
osrs-the-ultimate-tool-for-flipping-in-runescape-track-profits-g-e-limits-suggested-items	06/11/2016	1322	[OSRS] The Ultimate Tool for Flipping In Runescape - Track Profits, G.E Limits, Suggested Items
osrs-grand-exchange-only-challenge-4-money-making-skilling-and-flipping-with-the-ge-only	01/05/2017	1290	[OSRS] Grand Exchange Only Challenge #4 -  Money Making , Skilling and Flipping with the GE Only!
osrs-grand-exchange-only-challenge-3-money-making-skilling-and-flipping-with-the-ge-only	28/04/2017	1225	[OSRS] Grand Exchange Only Challenge #3 -  Money Making , Skilling and Flipping with the GE Only!
osrs-merching-worthless-to-wall-street-ep-10-non-stop-flips-5m-start	25/07/2016	1147	[OSRS Merching] Worthless to Wall Street Ep 10!! NON STOP FLIPS!!! [5M Start]
the-rich-get-richer-2-3m-per-hour-money-making-guide-pt-4	04/10/2016	1131	THE RICH GET RICHER 2-3M PER HOUR!!! [Money Making Guide Pt 4]
osrs-grand-exchange-only-challenge-2-money-making-skilling-and-flipping-with-the-ge-only	25/04/2017	1128	[OSRS] Grand Exchange Only Challenge #2 -  Money Making , Skilling and Flipping with the GE Only!
low-requirement-fletching-400-700k-per-hour-money-making-guide-pt-3	28/09/2016	1121	LOW REQUIREMENT FLETCHING 400-700k PER HOUR!!! [Money Making Guide Pt 3]
osrs-insane-profits-flipping-barrow-drops-only-1m-an-hour-episode-10-a-flipping-challenge	30/09/2016	1111	[OSRS] INSANE PROFITS FLIPPING BARROW DROPS ONLY! 1M+ AN HOUR  [ Episode #10 ] A Flipping Challenge
osrs-insane-profits-flipping-saradomin-drops-only-episode-11-a-one-hour-flipping-challenge	03/10/2016	1110	[OSRS] INSANE PROFITS FLIPPING SARADOMIN DROPS ONLY!  [ Episode #11 ] A One Hour Flipping Challenge
flipping-herbs-herb-seeds-with-100m-for-1-hour-test-episode-4	31/12/2016	1102	Flipping Herbs/Herb Seeds With 100M for  1 Hour Test [Episode 4]
osrs-merching-worthless-to-wall-street-ep-9-best-flips-yet-5m-start-bank-was-made	20/07/2016	1092	[OSRS Merching] Worthless to Wall Street Ep 9!! BEST FLIPS YET!!! [5M Start] Bank Was Made
osrs-merching-worthless-to-wall-street-ep-6-5-mill-start-series-wtf-gilded-legs	30/06/2016	1092	[OSRS Merching] Worthless to Wall Street Ep 6!! [5 Mill Start Series] WTF GILDED LEGS??
osrs-merching-worthless-to-wall-street-ep-8-5-mill-start-series-omg-insane-flips	12/07/2016	1092	[OSRS Merching] Worthless to Wall Street Ep 8!! [5 Mill Start Series] OMG INSANE FLIPS!!!
osrs-merching-worthless-to-wall-street-ep-4-5-mill-start-series-best-merch-of-the-series	18/06/2016	1092	[OSRS Merching] Worthless to Wall Street Ep 4!! [5 Mill Start Series] BEST MERCH OF THE SERIES?
worthless-to-wall-street-ep-1-new-merching-series-5m-to	30/05/2016	1092	Worthless To Wall Street Ep 1!! New Merching Series!! 5m To ???
osrs-merching-worthless-to-wall-street-ep-7-5-mill-start-series-bank-has-been-made	07/07/2016	1092	[OSRS Merching] Worthless to Wall Street Ep 7!! [5 Mill Start Series]  Bank Has Been Made
osrs-merching-worthless-to-wall-street-ep-5-5-mill-start-series-it-s-raining-ballistas	22/06/2016	1092	[OSRS Merching] Worthless to Wall Street Ep 5!! [5 Mill Start Series] IT'S RAINING BALLISTAS!!
osrs-merching-worthless-to-wall-street-ep-3-5-mill-start-series-treasonous-rings-do-me-proud	14/06/2016	1092	[OSRS Merching] Worthless to Wall Street Ep 3!! [5 Mill Start Series] Treasonous Rings Do Me PROUD!!
osrs-merching-worthless-to-wall-street-ep-2-5-mill-start-series	07/06/2016	1092	[OSRS Merching] Worthless to Wall Street Ep 2!! [5 Mill Start Series]
osrs-flipping-random-items-challenge-episode-4-let-the-random-number-generator-decide	19/12/2016	1073	[OSRS] Flipping Random Items Challenge? [Episode #4] Let the Random Number Generator Decide!
flipping-the-biggest-margins-in-old-school-runescape-with-100m-ep-3	29/12/2016	1072	Flipping THE BIGGEST MARGINS in Old School Runescape With 100M [EP 3]
1-hour-merching-with-30m-on-5-accounts-insane-results	07/11/2017	1069	1 Hour Merching With 30M ON 5 ACCOUNTS!! INSANE RESULTS
flipping-every-3rd-age-armour-afk-profit-challenge-oldschool-2007-runescape	21/11/2017	1066	FLIPPING EVERY 3RD AGE ARMOUR! AFK Profit?! (CHALLENGE!) - Oldschool 2007 Runescape
osrs-flipping-items-from-the-youtube-comment-section-episode-29-a-one-hour-flipping-challenge	07/04/2017	1058	[OSRS] Flipping Items From the Youtube Comment Section! [Episode #29] A One Hour Flipping Challenge
i-made-1-6m-in-3-minutes-using-this-method-old-school-runescape	30/11/2017	1037	I MADE 1.6M IN 3 MINUTES USING THIS METHOD!! [Old School Runescape]
osrs-bond-in-6-hours-on-a-new-p2p-account-oldschool-runescape-money-making-guide	03/03/2017	1029	[OSRS] Bond in 6 Hours on a New P2P Account - Oldschool Runescape Money Making Guide
1-hour-of-flipping-200m-start-feat-ge-tracker-ge-hacks-oldschool-2007-runescape	15/11/2017	1019	1 Hour of FLIPPING 200m START! feat. GE TRACKER! GE HACKS?! - Oldschool 2007 Runescape
low-risk-items-that-i-think-have-potential-to-make-bank	04/10/2017	1004	Low Risk Items That I Think Have Potential To Make BANK
noob-with-a-mill-episode-7-old-school-runescape	25/02/2017	989	Noob With A MILL Episode 7 [Old School Runescape]
noob-with-a-mill-episode-8-old-school-runescape	03/03/2017	989	Noob With A MILL Episode 8 [Old School Runescape]
noob-with-a-mill-episode-5-grinding-like-no-other	11/02/2017	989	Noob With A MILL Episode 5 Grinding Like No Other
noob-with-a-mill-episode-2-massive-gains-have-been-made	16/01/2017	989	Noob With A Mill [Episode 2] MASSIVE GAINS Have been made!
noob-with-a-mill-3-odium-maledictions-wards-everywhere	25/01/2017	989	Noob With A Mill #3 Odium + Maledictions Wards EVERYWHERE
making-money-like-it-s-nothing-noob-with-a-mill-ep-4	02/02/2017	989	Making Money Like It's Nothing [Noob With A Mill Ep.4]
noob-with-a-mill-episode-9-old-school-runescape	09/03/2017	989	Noob With A Mill Episode 9 [Old School Runescape]
noob-with-a-mill-episode-10-old-school-runescape	19/03/2017	989	Noob With A Mill Episode 10 [Old School Runescape
noob-with-a-mill-episode-6	16/02/2017	989	Noob With A Mill Episode 6
osrs-oldschool-runescape-flipping-in-p2p-0-100m-episode-20-a-third-of-the-way-there	16/10/2016	971	[OSRS] Oldschool Runescape Flipping in P2P [0 - 100M] - Episode #20 - A THIRD OF THE WAY THERE!!!
osrs-oldschool-runescape-flipping-in-p2p-0-100m-episode-16-gloves-of-darkness-are-insane	27/09/2016	968	[OSRS] Oldschool Runescape Flipping in P2P [0 - 100M] - Episode #16 - GLOVES OF DARKNESS ARE INSANE!
do-trillionaires-exist-in-runescape-3-possible-runescape-trillionaires-that-may-have-existed	24/01/2018	966	Do Trillionaires Exist In Runescape? - 3 Possible Runescape Trillionaires that May Have Existed!
150-kills-later-noob-with-a-mill-episode-20	25/05/2017	960	150 Kills Later [Noob With A Mill Episode 20]
first-big-investment-on-this-account-noob-with-a-mill-ep-21	03/06/2017	960	First BIG INVESTMENT On This Account [Noob With A Mill Ep 21]
osrs-oldschool-runescape-flipping-in-p2p-0-100m-episode-21-4m-profit-flipping-ankou-socks	19/10/2016	946	[OSRS] Oldschool Runescape Flipping in P2P [0 - 100M] - Episode #21 - 4M PROFIT FLIPPING ANKOU SOCKS
osrs-oldschool-runescape-flipping-in-p2p-0-100m-episode-5-decanting-potions	05/07/2016	944	[OSRS] Oldschool Runescape Flipping in P2P [0 - 100M] - Episode #5 - DECANTING POTIONS!!
most-luck-i-have-had-on-this-account-yet-noob-with-a-mill-episode-12	01/04/2017	938	Most Luck I Have Had On This Account Yet!! [Noob With A Mill Episode 12]
osrs-bond-in-13-hours-on-a-new-f2p-account-oldschool-runescape-money-making-guide	03/06/2017	928	[OSRS] Bond in 13 Hours on a New F2P Account - Oldschool Runescape Money Making Guide
this-almost-isn-t-even-fair-noob-with-a-mill-ep-16	29/04/2017	923	This Almost Isn't Even Fair [Noob With A Mill Ep 16]
getting-our-first-99-and-finally-getting-drops-noob-with-a-mill-ep-18	13/05/2017	923	Getting Our First 99 And Finally Getting Drops! [Noob With A Mill Ep 18]
biggest-investment-yet-pays-off-noob-with-a-mill-episode-11	25/03/2017	923	Biggest Investment Yet Pays Off!! [Noob With A Mill Episode 11]
finally-got-the-task-i-ve-been-waiting-for-noob-with-a-mill-ep-17	07/05/2017	923	Finally Got The Task I've Been Waiting For [Noob With A Mill Ep 17]
noob-with-a-mill-episode-19-old-school-runescape-series	19/05/2017	923	Noob With A Mill Episode 19 [Old School Runescape Series]
the-account-is-coming-along-so-well-noob-with-a-mill-episode-14	16/04/2017	923	The Account Is Coming Along So Well [Noob With A Mill Episode 14]
well-i-didn-t-expect-that-this-early-noob-with-a-mill-ep-15	22/04/2017	923	Well I Didn't Expect That This Early... [Noob With A Mill Ep 15]
investing-and-gains-noob-with-a-mill-13	08/04/2017	923	Investing And Gains [Noob With A Mill 13]
how-to-make-1m-gp-per-hour-using-high-alch-spell-old-school-runescape	20/12/2017	914	How to Make 1M+ GP Per Hour Using HIGH ALCH SPELL!! [Old School Runescape]
osrs-bond-in-11-hours-on-a-new-level-3-f2p-account-oldschool-runescape-money-making-guide	24/02/2017	913	[OSRS] Bond in 11 Hours on a New Level 3 F2P Account - Oldschool Runescape Money Making Guide
noob-with-a-mill-episode-1-money-making-clue-scrolls-and-gains	24/12/2016	911	Noob With A Mill [Episode 1] Money Making| Clue Scrolls| And GAINS
osrs-grand-exchange-only-challenge-1-money-making-skilling-and-flipping-with-the-ge-only	21/04/2017	910	[OSRS] Grand Exchange Only Challenge #1 -  Money Making , Skilling and Flipping with the GE Only!
1-hour-of-flipping-with-100m-g-e-flipping-making-bank-oldschool-2007-runescape	06/10/2017	908	1 Hour of FLIPPING with 100m! G.E Flipping, MAKING BANK?! - Oldschool 2007 Runescape
osrs-buying-from-shops-in-oldschool-runescape-for-3-hours-100-subscribers-giveaway	08/07/2016	906	[OSRS] Buying From Shops in Oldschool Runescape for 3 Hours - 100 Subscribers + Giveaway
the-best-money-making-with-no-skills-requirements-old-school-runescape	21/03/2017	898	The Best Money Making With No Skills Requirements [Old School Runescape]
osrs-flipping-the-highest-margin-items-in-f2p-ep-5-flipping-to-100m-using-f2p-items-only	13/03/2017	896	[OSRS] FLIPPING THE HIGHEST MARGIN ITEMS IN F2P - EP #5 - Flipping to 100m using F2p Items Only!
how-i-made-2m-in-2-minutes-with-a-daily-money-making-method-old-school-runescape	23/12/2017	893	How I Made 2M in 2 Minutes With A DAILY Money Making Method!! [Old School Runescape]
osrs-rings-of-nature-have-an-insane-margin-in-f2p-ep-4-flipping-to-100m-using-f2p-items-only	21/02/2017	879	[OSRS] RINGS OF NATURE HAVE AN INSANE MARGIN IN F2P - EP #4 - Flipping to 100m using F2p Items Only!
osrs-bond-in-7-hours-on-a-new-p2p-account-oldschool-runescape-money-making-guide	31/03/2017	870	[OSRS] Bond in 7 Hours on a New P2P Account - Oldschool Runescape Money Making Guide
osrs-oldschool-runescape-flipping-in-p2p-0-100m-episode-8-infinitely-profiting	18/07/2016	867	[OSRS] Oldschool Runescape Flipping in P2P [0 - 100M] - Episode #8 - INFINITELY PROFITING!!
why-everyone-should-be-fletching-right-now-insane-rates-and-profitable	09/01/2018	860	Why Everyone Should Be Fletching RIGHT NOW | Insane Rates and PROFITABLE
how-to-actually-spin-flax-like-a-pro-215k-magic-exp-hr-70k-crafting-exp-hr-and-300k-profit-hr	13/11/2017	858	How To Actually Spin Flax LIKE A PRO! (215K Magic Exp/HR 70K Crafting Exp/HR And 300K Profit/HR)
osrs-make-550k-in-10-minutes-with-no-risk-daily-oldschool-runescape-money-malking-method	14/02/2017	856	[OSRS] Make 550k in 10 minutes with No Risk - Daily Oldschool Runescape Money Malking Method !
day-of-release-flipping-is-the-only-thing-that-keeps-me-alive-dragon-slayer-2	04/01/2018	848	Day Of Release Flipping Is The Only Thing That Keeps Me Alive [Dragon Slayer 2]
osrs-how-to-pick-profitable-items-and-flip-them-correctly-an-advanced-flipping-guide-2016	13/08/2016	842	[OSRS] HOW TO PICK PROFITABLE ITEMS AND FLIP THEM CORRECTLY - An Advanced Flipping Guide [2016]
osrs-easy-way-to-make-600k-hr-on-a-brand-new-account-oldschool-runescape-money-making-method	29/03/2017	820	[OSRS] Easy Way to Make 600k/hr On a Brand New Account - Oldschool Runescape Money Making Method
how-to-make-2m-hr-buying-supplies-from-a-shop-old-school-runescape	16/01/2018	820	How To Make 2M/HR Buying Supplies From A Shop [Old School Runescape]
fletching-money-making-guide-1400k-per-hour-money-making-episode-2	28/09/2016	817	Fletching Money Making Guide 1400k Per Hour!!! [Money Making Episode 2]
osrs-oldschool-runescape-flipping-in-p2p-0-100m-episode-18-ale-of-the-gods-is-godly	07/10/2016	817	[OSRS] Oldschool Runescape Flipping in P2P [0 - 100M] - Episode #18 - ALE OF THE GODS IS GODLY!!
how-to-casually-merch-and-make-2m-in-a-little-over-1-hour-while-skilling-slaying	22/11/2017	815	How to Casually Merch And Make 2M In A little Over 1 HOUR While Skilling/Slaying
osrs-oldschool-runescape-flipping-in-p2p-0-100m-episode-22-i-can-t-think-of-a-name	26/10/2016	814	[OSRS] Oldschool Runescape Flipping in P2P [0 - 100M] - Episode #22 - I CAN"T THINK OF A NAME!
osrs-insane-margins-flipping-new-raid-reward-drops-day-2-high-risk-high-reward-flipping	08/01/2017	813	[OSRS] INSANE MARGINS FLIPPING NEW RAID REWARD DROPS - Day 2 - High Risk/High Reward Flipping!
osrs-who-can-make-the-most-money-flipping-a-1-hour-flipping-challenge-with-runescapeexplamp	21/09/2016	808	[OSRS] WHO CAN MAKE THE MOST MONEY FLIPPING?? - A 1 hour flipping challenge with RunescapeEXPLamp!!
osrs-oldschool-runescape-flipping-in-p2p-0-100m-episode-7-the-one-ring	15/07/2016	805	[OSRS] Oldschool Runescape Flipping in P2P [0 - 100M] - Episode #7 - THE ONE RING!!
osrs-make-1m-hr-with-no-requirements-oldschool-runescape-money-making-method	04/01/2017	804	[OSRS] Make 1M/hr with No Requirements - Oldschool Runescape Money Making Method!
4m-gp-hr-old-school-rs-high-req-guide-the-best-money-in-the-game-episode-9	18/12/2016	794	4M+ GP/HR Old School RS High Req Guide | The best money in the game Episode 9
i-don-t-even-know-how-i-did-this	04/11/2017	793	I Don't Even Know How I Did This...
osrs-buying-from-shops-for-1-hour-in-f2p-an-oldschool-runescape-speedrun	07/06/2016	792	[OSRS] Buying from Shops for 1 hour in F2P - An Oldschool Runescape Speedrun
osrs-flipping-all-items-from-a-5m-cash-start-episode-26-a-one-hour-flipping-challenge	07/02/2017	792	[OSRS] FLIPPING ALL ITEMS FROM A 5M CASH START [Episode #26] A One Hour Flipping Challenge
loot-from-1000-crystal-keys-2m-profit-in-80-minutes-no-requirements	12/10/2017	790	Loot From 1000 Crystal Keys (2M Profit In 80 Minutes) No Requirements
osrs-oldschool-runescape-flipping-in-p2p-0-100m-episode-17-4m-in-one-flip-best-item-yet	02/10/2016	789	[OSRS] Oldschool Runescape Flipping in P2P [0 - 100M] - Episode #17 - 4M IN ONE FLIP, BEST ITEM YET?
osrs-oldschool-runescape-flipping-in-p2p-0-100m-episode-9-cabbages-oh-no	30/07/2016	789	[OSRS] Oldschool Runescape Flipping in P2P [0 - 100M] - Episode #9 - CABBAGES OH NO!!
osrs-how-to-decant-potions-for-consistent-high-margin-flips-an-advanced-flipping-guide-4	22/01/2017	788	[OSRS] How to Decant Potions for Consistent High Margin Flips- An Advanced Flipping Guide #4
osrs-make-950k-in-10-minutes-buying-from-this-shop-oldschool-runescape-money-making-method	27/12/2016	787	[OSRS] Make 950k in 10 Minutes Buying From This Shop! - Oldschool Runescape Money Making Method!
low-requirement-smithing-800k-1m-per-hour-money-making-guide-pt-5	10/10/2016	786	LOW REQUIREMENT Smithing 800K-1M PER HOUR!!! [Money Making Guide Pt 5]
osrs-i-have-a-green-cash-stack-road-to-1b-from-nothing-15-oldschool-runescape-progress-video	30/12/2016	785	[OSRS] I HAVE A GREEN CASH STACK! - Road To 1B From Nothing #15 - Oldschool Runescape Progress Video
osrs-flipping-from-1gp-to-1mil-2-oldschool-runescape-flipping-challenge	15/04/2017	784	[OSRS] Flipping From 1GP to 1Mil - #2 - Oldschool Runescape Flipping Challenge
osrs-oldschool-runescape-flipping-in-p2p-0-100m-episode-13-orbs-and-scimitars	20/08/2016	780	[OSRS] Oldschool Runescape Flipping in P2P [0 - 100M] - Episode #13 - ORBS AND SCIMITARS
flipping-to-billions-in-oldschool-runescape-50m-to-1b-episode-5-osrs	22/10/2017	775	Flipping to Billions In Oldschool Runescape (50M to 1B) Episode #5 [OSRS]
i-kept-this-method-a-secret-for-over-a-year-10m-per-day-in-20-minutes	19/08/2017	771	I Kept This Method A Secret For Over A  Year (10M+ Per Day In 20 Minutes)
osrs-how-to-flip-high-volume-items-for-easy-and-low-risk-profit-an-advanced-flipping-guide-5	12/02/2017	770	[OSRS] How to Flip High Volume Items For Easy and Low Risk Profit! - An Advanced Flipping Guide #5
10k-gp-gnome-stronghold-shops-only-challenge-1000-profit-oldschool-2007-runescape	25/09/2017	769	10k GP GNOME STRONGHOLD SHOPS ONLY(CHALLENGE)! 1000%+ PROFIT? - Oldschool 2007 Runescape
building-an-insane-100-account-flipping-farm-accounts-21-to-25-flipping-on-100-accounts-osrs	03/12/2017	760	Building an Insane 100 Account Flipping Farm! [Accounts 21 to 25] Flipping on 100 Accounts [OSRS]
1-hour-of-budget-lava-dragons-pure-profit-challenge-oldschool-2007-runescape	07/11/2017	760	1 Hour of BUDGET LAVA DRAGONS! PURE PROFIT?! (Challenge!) - Oldschool 2007 Runescape
osrs-oldschool-runescape-flipping-in-p2p-0-100m-episode-15-you-don-t-need-fancy-items	18/09/2016	758	[OSRS] Oldschool Runescape Flipping in P2P [0 - 100M] - Episode #15 - YOU DON"T NEED FANCY ITEMS
top-10-grand-exchange-tips-and-tricks-ep-1-osrs	30/01/2018	752	Top 10 Grand Exchange Tips and Tricks! - Ep. 1 [OSRS]
osrs-profit-while-training-crafting-magic-70k-exp-hr-oldschool-runescape-money-making-method	05/02/2017	752	[OSRS ]Profit While Training Crafting + Magic (70k exp/hr)- Oldschool Runescape Money Making Method!
how-to-make-3-1m-hr-with-the-easiest-technique-in-game-a-one-hour-money-making-challenge-osrs	03/02/2018	750	How to Make 3.1M/Hr With the Easiest Technique in Game! - A One Hour Money Making Challenge! [OSRS]
osrs-oldschool-runescape-flipping-in-p2p-0-100m-episode-3-crazy-price-changes	27/06/2016	749	[OSRS] Oldschool Runescape Flipping in P2P [0 - 100M] - Episode #3 - CRAZY PRICE CHANGES!!!
1-hour-of-wyvern-running-wtf-this-actually-makes-bank-oldschool-2007-runescape	04/10/2017	746	1 Hour of WYVERN RUNNING! WTF THIS ACTUALLY MAKES BANK?! - Oldschool 2007 Runescape
top-10-bad-habits-you-should-avoid-while-flipping-osrs	16/01/2018	746	Top 10 Bad Habits You Should Avoid While Flipping! [OSRS]
osrs-oldschool-runescape-flipping-in-p2p-0-100m-episode-10-crystal-keys	02/08/2016	743	[OSRS] Oldschool Runescape Flipping in P2P [0 - 100M] - Episode #10 - CRYSTAL KEYS!
1-hour-of-level-3-from-scratch-f2p-edition-it-is-difficult-oldschool-2007-runescape	23/10/2017	741	1 Hour of LEVEL 3 FROM SCRATCH (F2P EDITION)! IT IS DIFFICULT...- Oldschool 2007 Runescape
6-tips-tricks-to-make-money-if-you-have-no-cash-or-no-stats	11/10/2017	739	6 Tips/Tricks To Make Money If You Have No Cash Or No Stats
osrs-oldschool-runescape-flipping-in-p2p-0-100m-episode-14-emeralds-and-diamonds	31/08/2016	738	[OSRS] Oldschool Runescape Flipping in P2P [0 - 100M] - Episode #14 - EMERALDS AND DIAMONDS
how-i-made-230k-in-3-minutes-episode-12	04/01/2017	737	How I made 230K IN 3 MINUTES!! [Episode 12]
flipping-to-billions-in-oldschool-runescape-50m-to-1b-episode-4-osrs	19/09/2017	737	Flipping to Billions In Oldschool Runescape (50M to 1B) Episode #4 [OSRS]
1-8m-per-hour-easy-money-low-requirements-07-runescape-episode-6	21/10/2016	736	1.8M Per Hour!! Easy money, Low Requirements!! [07 Runescape] Episode 6
osrs-can-you-make-bank-flipping-random-items-episode-1-let-the-random-number-generator-decide	03/09/2016	736	[OSRS] Can You Make Bank Flipping Random Items? [Episode #1] Let the Random Number Generator Decide!
osrs-oldschool-runescape-flipping-in-p2p-0-100m-episode-19-dont-flip-the-tome-of-fire	13/10/2016	734	[OSRS] Oldschool Runescape Flipping in P2P [0 - 100M] - Episode #19 - DONT FLIP THE TOME OF FIRE!
osrs-flipping-how-to-use-our-candlestick-charts-part-one	18/01/2017	734	[OSRS Flipping] How to use our candlestick charts - part one
i-was-given-1-gp-at-the-grand-exchange-and-this-is-what-i-did	29/05/2017	734	I Was Given 1 GP At The Grand Exchange And This Is What I Did.
1-2m-hr-money-making-guide-low-requirement-rng-heavy-method-episode-10	22/12/2016	733	1.2M/HR Money Making Guide (Low Requirement) RNG Heavy Method [Episode 10]
osrs-how-i-made-260k-in-1-hour-of-flipping-fruit-only-episode-20	04/12/2016	733	[OSRS] How I Made 260k in 1 Hour of Flipping Fruit only!  [Episode #20]
osrs-how-to-flip-from-a-1-mil-cash-start-episode-27-a-one-hour-flipping-challenge	17/03/2017	729	[OSRS] How to Flip From a 1 Mil Cash Start [Episode #27] A One Hour Flipping Challenge
osrs-how-i-made-1m-in-1-hour-of-flipping-callisto-drops-only-episode-19	28/11/2016	723	[OSRS] How I Made 1m in 1 Hour of Flipping Callisto Drops only!  [Episode #19]
osrs-flipping-all-items-from-a-10m-cash-start-episode-25-a-one-hour-flipping-challenge	28/01/2017	722	[OSRS] FLIPPING ALL ITEMS FROM A 10M CASH START [Episode #25] A One Hour Flipping Challenge
how-to-make-1m-per-hour-with-no-requirements-old-school-runescape	02/12/2017	712	How To Make 1M Per Hour With No Requirements [Old School Runescape]
osrs-how-i-made-700k-in-1-hour-of-flipping-g-e-tracker-recommended-items-only-episode-17	15/11/2016	711	[OSRS] How I Made 700k in 1 Hour of Flipping G.E Tracker Recommended Items Only!  [Episode #17]
osrs-flipping-the-top-100-most-traded-items-only-episode-30-a-one-hour-flipping-challenge	06/05/2017	710	[OSRS] Flipping the Top 100 Most Traded Items Only!  [Episode #30] A one hour flipping challenge
1-6m-hr-low-req-money-making-method-episode-11	27/12/2016	710	1.6M/HR Low Req Money Making Method!! [Episode 11]
osrs-oldschool-runescape-flipping-in-p2p-0-100m-episode-12-a-little-bit-of-everything	12/08/2016	704	[OSRS] Oldschool Runescape Flipping in P2P [0 - 100M] - Episode #12 - A LITTLE BIT OF EVERYTHING!!
how-to-make-950k-hr-collecting-mort-myre-fungus-oldschool-runescape-money-making-guide-osrs	28/08/2017	697	How to Make 950k/hr Collecting Mort Myre Fungus! - Oldschool Runescape Money Making Guide [OSRS]
old-school-mobile-is-coming-here-is-what-you-need-to-invest-in	11/11/2017	695	Old School Mobile Is Coming! Here Is What You Need To Invest In!
osrs-how-i-made-1m-in-1-hour-of-flipping-clue-scroll-items-only-episode-23	03/01/2017	687	[OSRS] How I Made 1M in 1 Hour of Flipping Clue Scroll Items Only!  [Episode #23]
osrs-how-much-profit-from-flipping-f2p-items-only-episode-13-a-one-hour-flipping-challenge	18/10/2016	686	[OSRS] HOW MUCH PROFIT FROM FLIPPING F2P ITEMS ONLY  [Episode #13] A One Hour Flipping Challenge
osrs-oldschool-runescape-flipping-in-p2p-0-100m-episode-4-some-brand-new-items	29/06/2016	686	[OSRS] Oldschool Runescape Flipping in P2P [0 - 100M] - Episode #4 - SOME BRAND NEW ITEMS!!
top-5-money-making-methods-for-mid-level-accounts-2-oldschool-runescape-money-making-method-osrs	12/01/2018	683	Top 5 Money Making Methods for MID Level Accounts(2) Oldschool Runescape Money Making Method [OSRS]
osrs-oldschool-runescape-flipping-in-p2p-0-100m-episode-11-3m-gains	06/08/2016	683	[OSRS] Oldschool Runescape Flipping in P2P [0 - 100M] - Episode #11 - 3M GAINS!!
best-osrs-flipping-items-easy-money	06/07/2015	679	BEST OSRS FLIPPING ITEMS! EASY MONEY!
osrs-road-to-1b-from-nothing-oldschool-runescape-progress-video-ep-4	22/10/2016	679	[OSRS] Road to 1B from nothing - Oldschool Runescape Progress Video - Ep 4
osrs-road-to-1b-from-nothing-oldschool-runescape-progress-video-ep-1	11/10/2016	678	[OSRS] Road to 1B from nothing - Oldschool Runescape Progress Video - Ep 1
flipping-with-1gp-in-f2p-is-it-even-possible-oldschool-runescape-flipping-challenge-osrs	09/06/2017	678	Flipping with 1GP in F2P, Is it Even Possible? Oldschool Runescape Flipping Challenge! [OSRS]
osrs-make-600k-over-night-at-work-every-day-easy-oldschool-runescape-money-making-guide	05/08/2017	677	OSRS- Make 600K + Over Night / At Work Every Day! EASY Oldschool Runescape Money Making Guide
flipping-items-sets-is-the-easiest-money-in-the-game-osrs-a-one-hour-flipping-challenge	12/06/2017	677	Flipping Items Sets Is the Easiest Money In the Game! [OSRS] - A one Hour Flipping Challenge
osrs-flipping-from-1gp-to-1mil-oldschool-runescape-flipping-challenge	26/03/2017	675	[OSRS] Flipping From 1GP to 1Mil - Oldschool Runescape Flipping Challenge
these-7-shops-in-osrs-can-make-you-bank-oldschool-runescape-money-making-method-osrs	17/10/2017	673	These 7 Shops in OSRS Can Make you Bank! Oldschool Runescape Money Making Method [OSRS]
how-you-can-make-1-5m-per-day-in-10-mins-low-requirements	18/12/2017	672	How YOU Can Make 1.5M Per Day IN 10 MINS!! LOW REQUIREMENTS!!
osrs-how-to-flip-from-a-100k-cash-start-episode-28-a-one-hour-flipping-challenge	02/04/2017	671	[OSRS] How to Flip From a 100k Cash Start [Episode #28] A One Hour Flipping Challenge
this-method-just-became-sick-85k-mage-85k-crafting-500k-gp-per-hour	09/11/2017	671	This Method Just Became SICK!! 85K Mage 85K Crafting 500K GP Per Hour!
osrs-road-to-1b-from-nothing-oldschool-runescape-progress-video-ep-5	25/10/2016	669	[OSRS] Road to 1B from nothing - Oldschool Runescape Progress Video - Ep 5
osrs-make-1-3m-hr-with-low-requirements-oldschool-runescape-money-making-method	09/12/2016	668	[OSRS] Make 1.3M/hr with Low Requirements - Oldschool Runescape Money Making Method!
osrs-flipping-managing-money-and-risks	22/02/2017	668	[OSRS Flipping] Managing money and risks
how-to-make-1-5m-per-day-in-a-little-over-1-hour-with-no-requirements	20/09/2017	662	How To Make 1.5M Per Day In A Little Over 1 Hour!  WITH NO REQUIREMENTS!
osrs-flipping-the-highest-margin-items-in-f2p-ep-1-flipping-to-100m-using-f2p-items-only	25/01/2017	661	[OSRS] FLIPPING THE HIGHEST MARGIN ITEMS IN F2P - EP #1 - Flipping to 100m using F2p Items Only!
easily-make-2-3m-hr-by-flipping-these-everyday-items-flipping-and-money-making-for-1-hour-osrs	03/01/2018	653	Easily Make 2.3M/HR By Flipping These Everyday Items! - Flipping and Money Making For 1 Hour! [OSRS]
osrs-make-1m-hr-with-low-requirements-oldschool-runescape-money-making-method	25/12/2016	651	[OSRS] Make 1M/hr with Low Requirements - Oldschool Runescape Money Making Method!
osrs-how-i-made-2-3m-in-1-hour-of-flipping-dagannoth-king-drops-only-episode-15	02/11/2016	647	[OSRS] How I Made 2.3m in 1 Hour of Flipping Dagannoth King Drops only!  [Episode #15]
osrs-varrock-easy-achievement-diary-guide-oldschool-runescape-quest-guide	28/02/2017	645	[OSRS] Varrock Easy Achievement Diary Guide - Oldschool Runescape Quest  Guide
the-real-way-to-make-money-with-revenants-6-7m-hr-oldschool-runescape-money-making-method-osrs	24/11/2017	644	The Real Way to Make Money With Revenants (6 - 7M/hr) -Oldschool Runescape Money Making Method[OSRS]
osrs-road-to-1b-from-nothing-oldschool-runescape-progress-video-ep-12	06/12/2016	643	[OSRS] Road to 1B from nothing - Oldschool Runescape Progress Video - Ep 12
1200k-hour-herblore-money-making-guide	17/09/2016	643	1200k/Hour Herblore Money Making Guide
top-5-money-making-methods-for-mid-level-accounts-oldschool-runescape-money-making-method-osrs	03/10/2017	643	Top 5 Money Making Methods for MID Level Accounts! - Oldschool Runescape Money Making Method [OSRS]
loot-from-200-hard-clue-scrolls-98m-worth-of-magpie-implings	18/05/2017	641	Loot from 200 hard clue scrolls & 98m worth of magpie implings
osrs-make-900k-overnight-while-sleeping-oldschool-runescape-money-making-method	18/12/2016	640	[OSRS] Make 900k+ Overnight While Sleeping - Oldschool Runescape Money Making Method!
how-to-flip-super-rare-items-for-insane-overnight-profits-an-advanced-flipping-guide-6-osrs	30/06/2017	639	How to Flip Super Rare Items For Insane Overnight Profits - An Advanced Flipping Guide #6 [OSRS]
osrs-make-1000k-overnight-while-sleeping-oldschool-runescape-money-making-method	20/02/2017	637	[OSRS] Make 1000k Overnight While Sleeping - Oldschool Runescape Money Making Method!
osrs-how-to-get-the-largest-margins-by-flipping-rare-items-an-advanced-flipping-guide-3	16/12/2016	636	[OSRS] How to Get the Largest Margins By Flipping Rare Items - An Advanced Flipping Guide #3
top-5-money-making-methods-for-magic-training-oldschool-runescape-money-making-method-osrs	21/11/2017	635	Top 5 Money Making Methods for Magic Training! - Oldschool Runescape Money Making Method [OSRS]
osrs-how-to-flip-from-a-50-mil-cash-start-episode-31-a-one-hour-flipping-challenge	18/05/2017	631	[OSRS] How to Flip From a 50 Mil Cash Start? [Episode #31] A One Hour Flipping Challenge
osrs-insane-margins-flipping-3rd-age-items-high-risk-high-reward-flipping	16/01/2017	629	[OSRS] INSANE MARGINS FLIPPING 3RD AGE ITEMS - High Risk/High Reward Flipping!
osrs-skilling-my-life-away-road-to-1b-from-nothing-16-oldschool-runescape-progress	17/01/2017	627	[OSRS] SKILLING MY LIFE AWAY! - Road To 1B From Nothing #16 - Oldschool Runescape Progress !
osrs-loot-from-200-barrows-chests	25/07/2017	627	OSRS- Loot From 200 Barrows Chests!
osrs-how-to-renew-a-bond-playing-only-15-minutes-a-day-oldschool-runescape-money-making-method	22/11/2016	626	[OSRS] How to Renew a Bond Playing only 15 Minutes a Day - Oldschool Runescape Money Making Method
osrs-how-i-made-1-1m-in-1-hour-of-flipping-ammunition-items-only-episode-24	20/01/2017	625	[OSRS] How I Made 1.1M in 1 Hour of Flipping Ammunition Items Only!  [Episode #24]
flipping-to-billions-in-oldschool-runescape-50m-to-1b-episode-2-osrs	28/07/2017	625	Flipping to Billions In Oldschool Runescape (50M to 1B) Episode #2 [OSRS]
flipping-high-level-magic-equipment-is-such-easy-money-a-one-hour-flipping-challenge-osrs	21/07/2017	619	Flipping High Level Magic Equipment is Such Easy Money!! - A one Hour Flipping Challenge [OSRS]
osrs-how-to-make-1100k-hr-with-low-requirements-oldschool-runescape-money-making-method	26/04/2017	617	[OSRS] How to Make 1100k/hr with Low Requirements - Oldschool Runescape Money Making Method!
osrs-road-to-1b-from-nothing-oldschool-runescape-progress-video-ep-3	17/10/2016	617	[OSRS] Road to 1B from nothing - Oldschool Runescape Progress Video - Ep 3
flip-finders-tools-high-alch-calculator-and-money-making-a-complete-guide-to-ge-tracker-osrs	14/10/2017	617	Flip Finders Tools, High Alch Calculator and Money Making - A Complete Guide to GE Tracker [OSRS]
osrs-road-to-1b-from-nothing-oldschool-runescape-progress-video-ep-9	20/11/2016	616	[OSRS] Road to 1B from nothing - Oldschool Runescape Progress Video - Ep 9
how-to-flip-from-a-100m-cash-start-nonstop-flips-a-one-hour-flipping-challenge-osrs	23/08/2017	615	How to Flip From a 100M Cash Start! (Nonstop Flips) - A One Hour Flipping Challenge [OSRS]
great-money-maker-for-low-med-accounts-550k-hr-90k-exp-hr	26/08/2017	614	Great Money Maker For Low-Med Accounts 550K+/HR (90K Exp/Hr)
osrs-how-i-made-1-1m-in-1-hour-of-flipping-vet-ion-drops-only-episode-16	10/11/2016	613	[OSRS] How I Made 1.1m in 1 Hour of Flipping Vet'ion Drops only!  [Episode #16]
osrs-oldschool-runescape-flipping-in-p2p-0-100m-episode-2-thank-you-bow-strings	24/06/2016	612	[OSRS] Oldschool Runescape Flipping in P2P [0 - 100M] - Episode #2 - Thank You Bow Strings!!
osrs-insane-profits-flipping-abyssal-sire-drops-only-episode-12-a-one-hour-flipping-challenge	09/10/2016	612	[OSRS] INSANE PROFITS FLIPPING ABYSSAL SIRE DROPS ONLY  [Episode #12] A One Hour Flipping Challenge
1-hour-of-fire-surge-vs-lava-dragons-great-exp-profit	06/02/2018	612	1 Hour of FIRE SURGE VS. LAVA DRAGONS (GREAT EXP + PROFIT!)
osrs-how-to-succeed-at-flipping-in-runescape-a-beginner-flipping-guide-2016	24/08/2016	610	[OSRS] HOW TO SUCCEED AT FLIPPING IN RUNESCAPE!! - A Beginner Flipping Guide [2016]
flipping-to-billions-in-oldschool-runescape-50m-to-1b-episode-3-osrs	13/08/2017	610	Flipping to Billions In Oldschool Runescape (50M to 1B) Episode #3 [OSRS]
these-5-unknown-shops-in-osrs-can-make-you-bank-oldschool-runescape-money-making-method-osrs	07/11/2017	608	These 5 Unknown Shops in OSRS Can Make you Bank! Oldschool Runescape Money Making Method [OSRS]
what-we-can-learn-from-the-rise-and-falls-of-raid-items-merching-tips	20/08/2017	608	What We Can Learn From The Rise And Falls Of Raid Items (Merching Tips)
bond-in-6-hours-from-scratch-on-a-p2p-account-oldschool-runescape-money-making-osrs	19/08/2017	607	Bond in 6 Hours from Scratch on a P2P Account - Oldschool Runescape Money Making  [OSRS[
osrs-make-800k-hr-with-low-requirements-oldschool-runescape-money-making-method	18/01/2017	607	[OSRS] Make 800k/hr with Low Requirements - Oldschool Runescape Money Making Method!
osrs-how-to-make-1500k-hr-while-training-magic-oldschool-runescape-money-making-method	09/04/2017	607	[OSRS] How to Make 1500k/hr While Training Magic! - Oldschool Runescape Money Making Method!
flipping-to-billions-in-oldschool-runescape-50m-to-1b-episode-1-osrs	18/07/2017	604	Flipping to Billions In Oldschool Runescape (50M to 1B) Episode #1 [OSRS]
osrs-how-to-search-for-profitable-items-to-flip-with-ge-tracker-a-guide-to-using-search-filters	12/01/2017	604	[OSRS] How to Search for Profitable Items to Flip with GE Tracker - A guide to Using Search Filters!
osrs-road-to-1b-from-nothing-oldschool-runescape-progress-video-ep-18	31/01/2017	603	[OSRS] Road to 1B from nothing - Oldschool Runescape Progress Video - Ep 18
osrs-make-700k-overnight-in-f2p-oldschool-runescape-money-making-method	18/03/2017	603	[OSRS] Make 700k Overnight In F2P - Oldschool Runescape Money Making Method
osrs-road-to-1b-from-nothing-oldschool-runescape-progress-video-ep-11	30/11/2016	601	[OSRS] Road to 1B from nothing - Oldschool Runescape Progress Video - Ep 11
2-4m-gp-hr-insane-profit-with-crystal-keys-and-loot-from-1-hour-800-keys	02/08/2017	598	2.4M GP/HR Insane Profit With Crystal Keys And Loot From 1 Hour (800 Keys)
osrs-make-500k-in-20-minutes-with-no-skill-requirements-oldschool-runescape-money-making-method	16/11/2016	596	[OSRS] Make 500k in 20 Minutes with No Skill Requirements -  Oldschool Runescape Money Making Method
osrs-how-to-break-even-high-alching-oldschool-runescape-high-alching-guide	05/12/2016	594	[OSRS] How to Break Even High Alching -  Oldschool Runescape High Alching Guide!
how-to-not-waste-your-g-e-slots-easy-ways-to-make-money-with-the-grand-exchange	16/03/2017	594	How To Not Waste Your G.E. Slots!! Easy Ways To Make Money With The Grand Exchange
osrs-how-i-made-1-3m-in-1-hour-of-flipping-the-top-100-most-traded-items-only-episode-18	21/11/2016	593	[OSRS] How I Made 1.3m in 1 Hour of Flipping the Top 100 Most Traded Items Only!  [Episode #18]
ancient-wyverns-vs-skeletal-wyverns	15/09/2017	590	Ancient Wyverns VS. Skeletal Wyverns
osrs-flipping-most-traded-items-for-easy-money-20m-start	26/07/2017	589	OSRS- Flipping Most Traded Items For Easy Money! 20M Start
osrs-loot-from-one-hour-of-kurasks-money-maker-xp	06/01/2018	589	OSRS - Loot From One Hour Of Kurasks! (Money Maker/XP)
osrs-road-to-1b-from-nothing-oldschool-runescape-progress-video-ep-13	12/12/2016	586	[OSRS] Road to 1B from nothing - Oldschool Runescape Progress Video - Ep 13
1-hour-gnome-restaurant-minigame-this-makes-bank-oldschool-2007-runescape	12/10/2017	585	1 Hour GNOME RESTAURANT Minigame! THIS MAKES BANK! - Oldschool 2007 Runescape
osrs-getting-3-of-the-most-useful-quest-items-road-to-1b-from-nothing-ep-24	14/04/2017	585	[OSRS] Getting 3 of the Most Useful Quest Items - Road to 1B from Nothing  - EP 24
osrs-flipping-new-dragon-slayer-2-items	04/01/2018	584	OSRS - Flipping New DRAGON SLAYER 2 Items
the-best-money-maker-in-f2p-all-you-need-is-100m-a-one-hour-f2p-flipping-challenge-osrs	12/10/2017	584	The Best Money Maker in F2P! All You Need Is 100M - A One Hour F2P Flipping Challenge [OSRS]
osrs-flipping-the-highest-margin-items-in-f2p-ep-2-flipping-to-100m-using-f2p-items-only	02/02/2017	580	[OSRS] FLIPPING THE HIGHEST MARGIN ITEMS IN F2P - EP #2 - Flipping to 100m using F2p Items Only!
osrs-loot-from-my-first-ever-zulrah-kill-road-to-1bil-from-nothing-ep-22	27/03/2017	577	[OSRS] Loot From My First Ever Zulrah Kill!  - Road to 1Bil from Nothing - EP 22
how-to-find-good-margins-for-flipping-and-examples	31/05/2017	574	How To Find Good Margins For Flipping And Examples
osrs-ultimate-barrows-guide-tips-2017-mid-high-lvls	28/12/2017	572	OSRS - Ultimate Barrows Guide/Tips! (2017 Mid-High lvls)
buying-sharks-now-makes-you-700k-per-hour-low-requirements	29/05/2017	572	Buying Sharks Now Makes You 700K+ Per Hour! [Low Requirements]
osrs-the-biggest-margin-on-a-f2p-item-i-have-ever-gotten-high-risk-high-reward-f2p-flipping	19/01/2017	572	[OSRS] THE BIGGEST MARGIN ON A F2P ITEM I HAVE EVER GOTTEN! - High Risk/High Reward F2P Flipping
osrs-make-500k-overnight-at-work-every-day-2-high-volume-traded-items	26/12/2017	570	OSRS - Make 500k+ Overnight / At Work Every Day! (#2 High Volume Traded Items)
top-5-wilderness-money-making-methods-high-risk-oldschool-runescape-money-making-osrs	01/12/2017	569	Top 5 Wilderness Money Making Methods (HIGH RISK)! - Oldschool Runescape Money Making [OSRS]
osrs-road-to-1b-from-nothing-oldschool-runescape-progress-video-ep-6	01/11/2016	568	[OSRS] Road to 1B from nothing - Oldschool Runescape Progress Video - Ep 6
osrs-ultimate-1gp-to-1m-flipping-guide-how-to-get-your-first-mil-by-flipping	30/04/2017	567	[OSRS] Ultimate 1GP to 1M Flipping Guide - How to Get Your First Mil By Flipping!
osrs-how-i-made-1mil-in-20-minutes-killing-this-snail-oldschool-runescape-money-making	29/04/2017	563	[OSRS] How I Made 1Mil in 20 Minutes Killing this Snail! Oldschool Runescape Money Making!
medium-clues-are-really-profitable-money-making-method-1-2m-hr	08/08/2017	561	Medium Clues Are Really Profitable | Money Making Method 1.2M+/Hr
osrs-make-2-2m-hr-with-low-requirements-oldschool-runescape-money-making-method	21/01/2017	560	[OSRS] Make 2.2M/hr with Low Requirements - Oldschool Runescape Money Making Method!
osrs-is-it-worth-opening-up-muddy-chests-rewards-from-opening-up-400-muddy-chests	24/03/2017	559	[OSRS] Is it Worth Opening Up Muddy Chests? - Rewards From Opening Up 400 Muddy Chests!
osrs-make-530k-in-10-minutes-daily-oldschool-runescape-money-making-method	29/11/2016	559	[OSRS] Make 530k in 10 Minutes - Daily Oldschool Runescape Money Making Method!
osrs-road-to-1b-from-nothing-oldschool-runescape-progress-video-ep-10	23/11/2016	558	[OSRS] Road to 1B from nothing - Oldschool Runescape Progress Video - Ep 10
osrs-how-to-find-your-own-hidden-money-making-methods-oldschool-runescape-money-making-guide	10/03/2017	557	[OSRS] How to Find Your Own Hidden Money Making Methods - Oldschool Runescape Money Making Guide!
osrs-road-to-1b-from-nothing-oldschool-runescape-progress-video-ep-17	24/01/2017	557	[OSRS] Road to 1B from nothing - Oldschool Runescape Progress Video - Ep 17
how-i-made-1360k-in-one-hour-with-a-few-simple-tricks-a-one-hour-money-making-challenge-osrs	30/07/2017	555	How I Made 1360K in One Hour with a Few Simple Tricks! - A One Hour Money Making Challenge [OSRS]
osrs-flipping-the-highest-margin-items-in-f2p-ep-3-flipping-to-100m-using-f2p-items-only	08/02/2017	554	[OSRS] FLIPPING THE HIGHEST MARGIN ITEMS IN F2P - EP #3 - Flipping to 100m using F2p Items Only!
afk-low-level-mage-money-making-guide-360k-gp-30k-exp-hr-guide-episode-15	21/01/2017	552	AFK Low Level Mage Money Making Guide 360K GP 30K Exp / HR Guide [episode 15]
osrs-insane-profits-flipping-zulrah-drops-only-episode-9-a-one-hour-flipping-challenge	23/09/2016	549	[OSRS] INSANE PROFITS FLIPPING ZULRAH DROPS ONLY!  [ Episode #9 ] A One Hour Flipping Challenge
osrs-make-1100k-opening-this-chest-oldschool-runescape-money-making-method	06/03/2017	542	[OSRS] Make 1100k Opening This Chest! - Oldschool Runescape Money Making Method!
magic-money-making-method-1300k-per-hour-07-runescape-episode-7	31/10/2016	542	MAGIC MONEY MAKING METHOD 1300K Per Hour!! [07 Runescape] Episode 7
120k-magic-xp-hr-600k-gp-hr-insane-magic-method-07-runescape-episode-8	03/11/2016	541	120K Magic Xp/Hr + 600k Gp/Hr! Insane Magic Method!! [07 Runescape] Episode 8
osrs-how-i-made-700k-in-1-hour-of-flipping-items-with-known-buying-limits-episode-21	11/12/2016	541	[OSRS] How I Made 700k in 1 Hour of Flipping Items with Known Buying Limits!  [Episode #21]
how-to-make-850k-hr-while-training-magic-oldschool-runescape-money-making-method-osrs	18/06/2017	537	How to Make 850k/hr While Training Magic! - Oldschool Runescape Money Making Method! [OSRS]
osrs-loot-from-50-zulrah-kills-road-to-1b-from-nothing-oldschool-runescape-progress-ep-23	05/04/2017	535	[OSRS] Loot From 50 Zulrah Kills - Road to 1B from Nothing - Oldschool Runescape Progress  - EP 23
osrs-5-ways-to-train-magic-and-make-money	18/08/2017	528	OSRS- 5 Ways To Train Magic And Make Money!
osrs-how-to-make-money-easy-in-runescape-crafting-sets	09/01/2018	525	OSRS - How To Make Money EASY In Runescape! (Crafting Sets)
osrs-make-700k-hr-with-no-starting-money-oldschool-runescape-money-making-method	31/10/2016	525	[OSRS] Make 700k/hr with No Starting Money - Oldschool Runescape Money Making Method!
osrs-top-5-combat-money-making-methods-for-mid-level-accounts-2	12/01/2018	523	OSRS - Top 5 Combat Money Making Methods For Mid Level Accounts (2)
i-begged-in-f2p-for-1-gp-and-i-flipped-it-all-the-way-to-5m	28/10/2017	522	I Begged In F2P For 1 GP And I Flipped It All The Way To 5M!!
top-5-dragon-slayer-2-investments	27/12/2017	521	TOP 5 DRAGON SLAYER 2 INVESTMENTS
osrs-medium-level-barrows-guide	26/05/2017	520	OSRS - Medium Level Barrows Guide!
osrs-make-1-4m-hr-with-high-requirements-oldschool-runescape-money-making-method	01/02/2017	519	[OSRS] Make 1.4M/hr with High Requirements - Oldschool Runescape Money Making Method!
why-are-bonds-skyrocketing-in-price-november-market-analysis-for-oldschool-runescape-osrs	02/12/2017	517	Why Are Bonds Skyrocketing In Price? November Market Analysis for Oldschool Runescape [OSRS]
runescape-top-5-flips-of-the-week	07/10/2015	515	Runescape - Top 5 Flips Of the Week
gargoyles-vs-wyverns-test-which-is-better-to-afk-for-alts	13/10/2016	511	Gargoyles Vs. Wyverns Test [Which is better to afk/for alts]
600k-1-2m-per-hour-no-skills-required-episode-16	23/01/2017	510	600K - 1.2M Per/Hour No Skills Required [Episode 16]
osrs-how-to-make-350k-an-hour-in-oldschool-runescape-as-f2p-top-5-money-making-methods	02/06/2016	509	[OSRS] How to Make 350k+ an hour in Oldschool Runescape as F2P - Top 5 Money Making Methods
how-to-make-2200k-hr-with-farming-oldschool-runescape-money-making-method-osrs	26/06/2017	509	How to Make 2200K/hr With Farming! - Oldschool Runescape Money Making Method! [OSRS]
osrs-3-different-ways-to-profit-from-farming-oldschool-runescape-money-making-method	30/01/2017	505	[OSRS] 3 Different Ways to Profit From Farming - Oldschool Runescape Money Making Method!
how-you-can-make-200-400k-in-3-minutes-with-farming-episode-13	19/01/2017	501	How You Can Make 200-400K In 3 Minutes With Farming!! [Episode 13]
flipping-from-a-10k-cash-start-is-amazing-800-return-a-one-hour-flipping-challenge-osrs	19/06/2017	497	Flipping From a 10k Cash Start is Amazing!  (800% RETURN) A One Hour Flipping Challenge [OSRS]
osrs-oldschool-runescape-flipping-in-f2p-0gp-to-bond-episode-4-money-doubled	28/05/2016	492	[OSRS] Oldschool Runescape Flipping in F2P [ 0gp to bond ] - Episode #4 - MONEY DOUBLED!!
osrs-how-i-made-550k-in-1-hour-of-flipping-items-under-100gp-only-episode-22	26/12/2016	491	[OSRS] How I Made 550k in 1 Hour of Flipping Items Under 100GP Only!  [Episode #22]
osrs-road-to-1b-from-nothing-oldschool-runescape-progress-video-ep-8	14/11/2016	491	[OSRS] Road to 1B from nothing - Oldschool Runescape Progress Video - Ep 8
1-hour-flipping-with-200m-and-2-accounts-old-school-runescape-flipping	25/08/2017	488	1 Hour Flipping With 200M And 2 Accounts (Old School Runescape Flipping)
invest-now-before-dragon-slayer-2-comes-out-market-analysis-for-dragon-slayer-2-osrs	09/12/2017	487	Invest Now Before Dragon Slayer 2 Comes Out! Market Analysis for Dragon Slayer 2 [OSRS]
osrs-500k-600k-an-hour-easy-oldschool-runescape-money-maker	03/08/2017	484	OSRS- 500K-600K AN HOUR! Easy Oldschool Runescape Money Maker!
osrs-road-to-1b-from-nothing-oldschool-runescape-progress-video-ep-7	07/11/2016	484	[OSRS] Road to 1B from nothing - Oldschool Runescape Progress Video - Ep 7
osrs-oldschool-runescape-flipping-in-f2p-0gp-to-bond-episode-5-i-can-smell-the-bond	05/06/2016	479	[OSRS] Oldschool Runescape Flipping in F2P [ 0gp to bond ] - Episode #5 - I CAN SMELL THE BOND!!
osrs-loot-from-50-barrows-chests-road-to-1b-from-nothing-oldschool-runescape-progress-ep-20	11/03/2017	474	[OSRS] Loot From 50 Barrows Chests - Road to 1B from Nothing - Oldschool Runescape Progress  - EP 20
osrs-how-i-lost-500-000-usd-on-my-biggest-failed-flip-7500-subscriber-milestone	18/04/2017	473	[OSRS] HOW I LOST $500,000 USD ON MY BIGGEST FAILED FLIP - 7500 Subscriber Milestone
osrs-best-unknown-cannon-spot-profit-with-xp	16/12/2017	473	OSRS - Best Unknown Cannon Spot (PROFIT WITH XP)
osrs-road-to-1b-from-nothing-oldschool-runescape-progress-video-ep-14	21/12/2016	472	[OSRS] Road to 1B from nothing - Oldschool Runescape Progress Video - Ep 14
how-i-used-6-accounts-to-make-7m-in-under-one-hour-with-no-skill-requirements	30/10/2017	471	How I Used 6 Accounts To Make 7M+ In Under One Hour With No Skill Requirements
osrs-can-you-profit-opening-ogre-coffins-rewards-from-opening-up-1000-ogre-coffins	16/03/2017	469	[OSRS] Can You Profit Opening Ogre Coffins? - Rewards From Opening Up 1000 Ogre Coffins
osrs-oldschool-runescape-flipping-in-f2p-0gp-to-bond-episode-8-the-finale	18/06/2016	469	[OSRS] Oldschool Runescape Flipping in F2P [ 0gp to bond ] - Episode #8 - THE FINALE!!!
top-5-money-making-methods-possible-at-level-3-oldschool-runescape-money-making-method-osrs	25/06/2017	468	Top 5 Money Making Methods Possible At Level 3! - Oldschool Runescape Money Making Method [OSRS]
osrs-runescape-merching-flipping-1-100m-road-to-bank-episode-18-one-awesome-flip	06/03/2016	466	[OSRS] Runescape : MERCHING/FLIPPING 1-100M - ROAD TO BANK Episode #18 - ONE AWESOME FLIP!
osrs-ultimate-1gp-2147m-flipping-guide-how-to-get-a-max-cash-stack-from-flipping	22/04/2017	462	[OSRS] Ultimate 1GP - 2147M Flipping Guide - How to Get A Max Cash Stack From Flipping!
osrs-make-700k-hr-while-training-magic-oldschool-runescape-money-making-method	31/12/2016	460	[OSRS] Make 700k/hr While Training Magic! - Oldschool Runescape Money Making Method!
flipping-the-alphabet-challenge-sick-results	23/12/2017	455	FLIPPING THE ALPHABET (CHALLENGE!) SICK RESULTS!!!
loot-from-1-hour-of-flipping-100m-start-sponsored	05/04/2017	455	Loot From 1 Hour of Flipping (100M Start) (SPONSORED)
how-to-make-1000k-hr-killing-barrows-2017-oldschool-runescape-money-making-method-osrs	26/07/2017	455	How to Make 1000k/hr Killing Barrows! [2017] - Oldschool Runescape Money Making Method! [OSRS]
osrs-road-to-1b-from-nothing-oldschool-runescape-progress-video-ep-2	14/10/2016	452	[OSRS] Road to 1B from nothing - Oldschool Runescape Progress Video - Ep 2
how-i-went-from-78-83-fletching-in-3-hours-while-profiting-3-mill	18/08/2017	452	How I Went from 78-83 Fletching In 3 Hours While Profiting 3 MILL!!
f2p-and-p2p-money-making-leak-the-rich-don-t-want-you-to-know-episode-13	11/01/2017	449	F2P And P2P Money Making Leak The Rich Don't Want You To Know [episode 13]
osrs-550k-an-hour-no-requirments-old-school-runescape-money-making-guide	13/08/2017	447	OSRS - 550K+ AN HOUR! NO REQUIRMENTS! Old School Runescape Money Making Guide
loot-from-200-buffed-ancient-wyverns-are-they-worth-it-2007-oldschool-runescape	09/09/2017	446	LOOT from 200 BUFFED* Ancient Wyverns (Are they worth it?) - 2007 Oldschool Runescape
dmm-1-hour-varrock-only-from-nothing-challenge-its-decent-2007-runescape-deadman-mode-sdmm	29/09/2017	443	DMM 1 Hour Varrock ONLY from NOTHING (CHALLENGE!) ITS DECENT?! - 2007 Runescape Deadman Mode SDMM
osrs-12m-profit-in-1-flip-bank-was-made-2-mins-work	28/02/2016	443	OSRS 12M PROFIT IN 1 FLIP - BANK WAS MADE (2 Mins Work)
how-i-make-1m-a-day-with-barely-any-effort-easiest-money-in-the-game	29/01/2017	441	How I make 1M A Day With Barely Any Effort!! Easiest Money In the Game
top-5-money-making-methods-that-give-tons-of-exp-oldschool-runescape-money-making-method-osrs	27/08/2017	440	Top 5 Money Making Methods that Give Tons of EXP! - Oldschool Runescape Money Making Method [OSRS]
osrs-oldschool-runescape-flipping-in-p2p-0-100m-episode-1-the-beginning	21/06/2016	440	[OSRS] Oldschool Runescape Flipping in P2P [0 - 100M] - Episode #1 - The Beginning!
osrs-2m-an-hour-money-making-guide	17/05/2017	438	OSRS- 2M an hour! Money Making Guide
osrs-oldschool-runescape-flipping-in-p2p-0-100m-episode-6-so-many-potions	10/07/2016	436	[OSRS] Oldschool Runescape Flipping in P2P [0 - 100M] - Episode #6 - SO MANY POTIONS!!
osrs-top-5-combat-money-making-methods-for-mid-level-accounts	22/12/2017	436	OSRS - Top 5 Combat Money Making Methods For MID Level Accounts
osrs-runescape-f2p-flipping-300k-20m-episode-3-insane-profit	17/10/2015	429	[OSRS] Runescape - F2P FLIPPING 300k - 20M Episode #3 - Insane Profit
osrs-make-325k-in-10-minutes-with-no-requirements-daily-oldschool-runescape-money-making-method	23/10/2016	429	[OSRS] Make 325k in 10 Minutes with No Requirements - Daily Oldschool Runescape Money Making Method!
merching-ranging-ammunition-for-1-hour-plus-giveaway-info-episode-6	06/02/2017	421	Merching Ranging Ammunition for 1 Hour! Plus Giveaway Info! [Episode 6]
osrs-800k-an-hour-while-earning-range-xp	12/01/2017	420	OSRS - 800k an hour! While earning range xp!
osrs-make-1-1m-in-50-minutes-with-no-requirements-oldschool-runescape-money-making-method	05/11/2016	418	[OSRS] Make 1.1M in 50 Minutes with No Requirements - Oldschool Runescape Money Making Method!
osrs-runescape-merching-flipping-1-100m-road-to-bank-episode-15-more-great-gainz	26/09/2015	416	[OSRS] Runescape : MERCHING/FLIPPING 1-100M - ROAD TO BANK Episode #15 - More Great Gainz!
osrs-runescape-f2p-flipping-300k-20m-episode-1-the-beginning	28/09/2015	416	[OSRS] Runescape - F2P FLIPPING 300k - 20M Episode #1 - The beginning...
osrs-how-i-made-500k-in-5-minutes-oldschool-runescape-money-making-guide	23/12/2017	416	OSRS - How I Made 500K+ In 5 Minutes! Oldschool Runescape Money Making Guide
osrs-runescape-f2p-flipping-300k-20m-episode-2-easy-money	04/10/2015	416	[OSRS] Runescape - F2P FLIPPING 300k - 20M Episode #2 - EASY MONEY
osrs-runescape-merching-flipping-1-100m-road-to-bank-episode-10-hugeee-profit	01/09/2015	416	[OSRS] Runescape : MERCHING/FLIPPING 1-100M - ROAD TO BANK Episode #10 - HUGEEE PROFIT
osrs-runescape-merching-flipping-1-100m-road-to-bank-episode-16-big-loss	01/10/2015	416	[OSRS] Runescape : MERCHING/FLIPPING 1-100M - ROAD TO BANK Episode #16 - Big Loss :(
osrs-runescape-merching-flipping-1-100m-road-to-bank-episode-6-up-to-4m	13/08/2015	416	[OSRS] Runescape : MERCHING/FLIPPING 1-100M - ROAD TO BANK Episode #6 - Up to 4M!
osrs-runescape-merching-flipping-1-100m-road-to-bank-episode-14-7m-profit	19/09/2015	416	[OSRS] Runescape : MERCHING/FLIPPING 1-100M - ROAD TO BANK Episode #14 - 7M PROFIT!!!
osrs-runescape-merching-flipping-1-100m-road-to-bank-episode-9-biggest-flip-so-far	24/08/2015	416	[OSRS] Runescape : MERCHING/FLIPPING 1-100M - ROAD TO BANK Episode #9 - BIGGEST FLIP SO FAR!!!
osrs-runescape-merching-flipping-1-100m-road-to-bank-episode-8-800k-profit	20/08/2015	416	[OSRS] Runescape : MERCHING/FLIPPING 1-100M - ROAD TO BANK Episode #8 - 800k Profit!
osrs-runescape-merching-flipping-1-100m-road-to-bank-episode-7-huge-gainz	17/08/2015	416	[OSRS] Runescape : MERCHING/FLIPPING 1-100M - ROAD TO BANK Episode #7 - HUGE GAINZ
osrs-runescape-merching-flipping-1-100m-road-to-bank-episode-13-major-profits	13/09/2015	416	[OSRS] Runescape : MERCHING/FLIPPING 1-100M - ROAD TO BANK Episode #13 - MAJOR PROFITS!
osrs-runescape-merching-flipping-1-100m-road-to-bank-episode-11-new-items-big-profit	06/09/2015	416	[OSRS] Runescape : MERCHING/FLIPPING 1-100M - ROAD TO BANK Episode #11 - NEW ITEMS - BIG PROFIT
osrs-loot-from-100-herb-boxes	03/08/2015	416	OSRS - LOOT FROM 100 HERB BOXES
osrs-runescape-merching-flipping-1-100m-road-to-bank-episode-12-up-to-12m	09/09/2015	416	[OSRS] Runescape : MERCHING/FLIPPING 1-100M - ROAD TO BANK Episode #12 - UP TO 12m!
osrs-runescape-merching-flipping-1-100m-road-to-bank-episode-5-insane-profit	09/08/2015	416	[OSRS] Runescape : MERCHING/FLIPPING 1-100M - ROAD TO BANK Episode #5 - INSANE PROFIT
osrs-make-1050k-hr-while-training-fletching-oldschool-runescape-money-making-method	11/01/2017	412	[OSRS] Make 1050k/hr While Training Fletching! - Oldschool Runescape Money Making Method!
osrs-flipping-the-different-type-of-merchants-beginners-to-masterminds	10/01/2017	409	[OSRS Flipping] The different type of merchants - beginners to masterminds
osrs-flipping-everything-w-10m-start-one-hour	19/12/2017	407	OSRS - Flipping Everything W/ 10M Start! (One Hour)
osrs-how-to-flip-items-overnight-and-take-advantage-of-bot-dumps-an-advanced-flipping-guide-2	26/11/2016	406	[OSRS] How to Flip Items Overnight and Take Advantage of Bot Dumps - An Advanced Flipping Guide #2
osrs-oldschool-runescape-flipping-in-f2p-0gp-to-bond-episode-7-the-end-is-near	16/06/2016	404	[OSRS] Oldschool Runescape Flipping in F2P [ 0gp to bond ] - Episode #7 - THE END IS NEAR!!!
flipping-gear-needed-for-raids-6m-in-an-hour-episode-5	05/01/2017	402	Flipping Gear Needed For Raids 6M in An HOUR!! [Episode 5]
osrs-road-to-1b-from-nothing-oldschool-runescape-progress-video-ep-19	19/02/2017	389	[OSRS] Road to 1B from Nothing - Oldschool Runescape Progress Video - Ep 19
osrs-make-2m-in-15-minutes-with-no-requirements-oldschool-runescape-money-making-method	08/11/2016	385	[OSRS] Make 2M+ in 15 Minutes with No Requirements - Oldschool Runescape Money Making Method!
my-top-10-flips-of-all-time-a-look-back-at-my-highest-margin-flips-osrs	06/08/2017	385	My Top 10 Flips of All Time - A Look Back at My Highest Margin Flips [OSRS]
osrs-herb-run-100k-in-5-mins-low-level-farming-guide	12/01/2017	385	OSRS- Herb Run 100k in 5 Mins! Low Level Farming Guide
osrs-low-level-barrows-guide	05/01/2017	373	OSRS - Low Level Barrows Guide!
osrs-how-much-money-can-i-make-on-stream-oldschool-runescape-flipping-and-money-making-guide	21/02/2017	369	[OSRS] How Much Money Can I Make On Stream! - Oldschool Runescape Flipping And Money Making Guide
how-to-flip-merch-3rd-age-old-school-runescape	01/03/2016	368	HOW TO FLIP/MERCH 3RD AGE - Old School Runescape
osrs-a-beginner-tutorial-to-flipping-in-f2p-runescape-easiest-way-to-make-millions-2016	30/05/2016	367	[OSRS] A beginner Tutorial to Flipping in F2P Runescape - Easiest Way to Make Millions!!!  [ 2016 ]
best-osrs-grand-exchange-flipping-merching-guide-updated-2015	23/10/2015	366	BEST OSRS GRAND EXCHANGE FLIPPING/MERCHING GUIDE - [UPDATED] 2015
osrs-runescape-f2p-flipping-300k-20m-episode-6-making-bank	27/10/2015	366	[OSRS] Runescape - F2P FLIPPING 300k - 20M Episode #6 - Making Bank!
osrs-flipping-diaries-1-3rd-age-flipping-is-amazing	29/02/2016	366	OSRS FLIPPING DIARIES #1 - 3RD AGE FLIPPING IS AMAZING
we-made-bank-my-flipping-secret-osrs-road-to-max-ep-2	22/02/2016	366	WE MADE BANK + MY FLIPPING SECRET- OSRS ROAD TO MAX EP.2
my-first-3rd-age-flip-osrs	22/02/2016	366	MY FIRST 3RD AGE FLIP! OSRS
osrs-runescape-f2p-flipping-300k-20m-episode-5-up-to-2m	25/10/2015	366	[OSRS] Runescape - F2P FLIPPING 300k - 20M Episode #5 - UP TO 2M!
osrs-runescape-f2p-flipping-300k-20m-episode-4-making-the-bank	22/10/2015	366	[OSRS] Runescape - F2P FLIPPING 300k - 20M Episode #4 - Making The Bank
osrs-runescape-f2p-flipping-300k-20m-episode-7-almost-3m	31/10/2015	366	[OSRS] Runescape - F2P FLIPPING 300k - 20M Episode #7 - ALMOST 3M!
osrs-runescape-merching-flipping-1-100m-road-to-bank-episode-19-mega-rare-items-are-amazing	11/03/2016	366	[OSRS] Runescape : MERCHING/FLIPPING 1-100M - ROAD TO BANK Episode #19 - MEGA RARE ITEMS ARE AMAZING
osrs-runescape-merching-flipping-1-100m-road-to-bank-episode-17-we-are-back	03/03/2016	366	[OSRS] Runescape : MERCHING/FLIPPING 1-100M - ROAD TO BANK Episode #17 - WE ARE BACK!
osrs-oldschool-runescape-flipping-in-f2p-0gp-to-bond-episode-3-easy-money	23/05/2016	364	[OSRS] Oldschool Runescape Flipping in F2P [ 0gp to bond ] - Episode #3 - EASY MONEY!!
osrs-oldschool-runescape-flipping-in-f2p-0gp-to-bond-episode-6-can-we-flip-gilded-armour	12/06/2016	361	[OSRS] Oldschool Runescape Flipping in F2P [ 0gp to bond ] - Episode #6 - CAN WE FLIP GILDED ARMOUR?
osrs-flipping-complete-guide-to-flipping-for-beginners-game-updates-pt-2	01/02/2017	347	[OSRS Flipping] Complete guide to flipping for beginners - Game Updates [pt.2]
osrs-150k-fletching-xp-an-hour-and-500k-gp	14/03/2017	345	OSRS- 150K Fletching XP an hour and 500K GP!
1-hour-of-making-bowls-with-hot-water-340k-p-h-episode-4	11/12/2015	340	1 Hour of Making Bowls with Hot Water! 340k+ p/h (Episode 4)
big-profits-osrs-flipping-merching-1-100m-43	23/11/2016	335	BIG PROFITS! - OSRS Flipping/Merching 1-100m #43
osrs-flipping-merching-a-complete-guide-to-flipping-for-beginners-part-one	02/01/2017	331	[OSRS Flipping/Merching] A complete guide to flipping for beginners - part one
osrs-alching-for-profit-part-2-just-items	24/06/2017	315	OSRS - Alching For Profit! (Part 2 JUST ITEMS)
advanced-osrs-flipping-guide-how-to-make-bills	21/03/2016	305	ADVANCED OSRS FLIPPING GUIDE - HOW TO MAKE BILLS!
1-hour-of-drinking-jugs-of-wine-100k-p-h-episode-8	15/12/2015	300	1 Hour of Drinking Jugs of Wine! 100k+ p/h (Episode 8)
osrs-flipping-merching-making-unfinished-potions-600k-hour	08/12/2016	300	[OSRS Flipping/Merching] Making unfinished potions - 600k/hour (+/-)
osrs-5m-an-hour-money-making-guide	15/05/2017	299	OSRS - 5M an hour! Money Making Guide
osrs-how-to-make-700k-an-hour-in-the-warriors-guild-2016-a-p2p-money-making-method	10/06/2016	296	[OSRS] How to Make 700k+ an hour in the Warriors Guild (2016) - A P2P Money Making Method!!
is-flipping-expensive-items-with-500m-worth-it	22/04/2017	294	Is Flipping Expensive Items With 500m Worth it?
how-to-make-bank-on-old-school-runescape-secret-to-flipping-successfully	11/03/2016	291	HOW TO MAKE BANK ON OLD SCHOOL RUNESCAPE - SECRET TO FLIPPING SUCCESSFULLY
500k-per-hour-money-making-method-2007-runescape	11/07/2016	289	500k+ Per Hour Money Making Method - 2007 Runescape
1-hour-of-making-pineapple-pizzas-800k-p-h-episode-5	11/12/2015	287	1 Hour of Making Pineapple Pizzas! 800k+ p/h (Episode 5)
osrs-oldschool-runescape-flipping-in-f2p-0gp-to-bond-episode-2-serious-progress	18/05/2016	285	[OSRS] Oldschool Runescape Flipping in F2P [ 0gp to bond ] - Episode #2 - SERIOUS PROGRESS!!
how-much-money-can-flippingoldschool-make-live-2-oldschool-runescape-flipping-and-money-making	09/02/2017	282	How Much Money Can FlippingOldschool Make live #2! - Oldschool Runescape Flipping And Money Making!
osrs-flipping-merching-decanting-potions-for-money	19/12/2016	281	[OSRS Flipping/Merching] Decanting potions for money
top-10-osrs-flipping-items-money-making	18/07/2015	272	TOP 10 OSRS FLIPPING ITEMS! - MONEY MAKING
its-back-osrs-flipping-1-100m-1-ge-tracker	13/01/2017	265	ITS BACK!!!! - OSRS Flipping 1-100m #1 (Ge-Tracker)
osrs-flipping-merching-spotting-short-term-bubbles-pt-2-the-importance-of-game-knowledge	12/12/2016	263	[OSRS Flipping/Merching] Spotting short term bubbles (pt. 2) - The importance of game knowledge
osrs-up-to-1700k-an-hour-while-training-magic-oldschool-runescape-money-making-guide	06/07/2017	262	OSRS - Up To 1700k An Hour While Training Magic! Oldschool Runescape Money Making Guide
osrs-loot-from-100-barrows-chests	01/06/2017	260	OSRS - Loot From 100 Barrows Chests!
osrs-1200k-an-hour-no-requirements-opening-150-crystal-chests-oldschool-runescape-money-making	07/07/2017	239	OSRS - 1200k An Hour! NO REQUIREMENTS Opening 150 Crystal Chests! Oldschool Runescape Money Making
osrs-runescape-merching-flipping-1-100m-road-to-bank-episode-3-massive-profits	16/07/2015	234	[OSRS] Runescape : MERCHING/FLIPPING 1-100M - ROAD TO BANK Episode #3 - Massive Profits
osrs-runescape-merching-flipping-1-100m-road-to-bank-episode-2	11/07/2015	234	[OSRS] Runescape : MERCHING/FLIPPING 1-100M - ROAD TO BANK Episode #2
osrs-runescape-merching-flipping-1-100m-road-to-bank-episode-4-insane-gainz	21/07/2015	234	[OSRS] Runescape : MERCHING/FLIPPING 1-100M - ROAD TO BANK Episode #4- INSANE GAINZ
osrs-runescape-merching-flipping-1-100m-road-to-bank-episode-1	09/07/2015	234	[OSRS] Runescape : MERCHING/FLIPPING 1-100M - ROAD TO BANK Episode #1
osrs-road-to-1k-easy-clues-1-gainzzz	23/07/2015	234	OSRS - ROAD TO 1K EASY CLUES #1 - GAINZZZ
osrs-money-making-100-200k-p-h-no-reqs	20/07/2015	234	OSRS MONEY MAKING - 100-200k P/H (NO REQS)
osrs-money-making-300k-1m-p-h	24/07/2015	234	OSRS MONEY MAKING 300k-1m P/H!
osrs-flipping-guide-easy-money	04/07/2015	234	OSRS FLIPPING GUIDE - EASY MONEY
200-300k-p-h-hidden-money-making-method-osrs	18/04/2016	232	200-300k P/H Hidden Money Making Method - OSRS
osrs-3-4m-an-hour-money-making-guide	18/05/2017	230	OSRS - 3.4M an hour! Money Making Guide
osrs-how-to-flip-items-easily-in-oldschool-runescape-top-5-1	14/07/2017	222	OSRS- How To Flip Items Easily In Oldschool Runescape (Top 5 #1)
osrs-how-to-make-400k-in-the-canifis-food-shop-2016-a-p2p-money-making-method	14/06/2016	219	[OSRS] How to Make 400k+ in the Canifis Food Shop (2016) - A P2P Money Making Method!!
osrs-afk-money-maker-no-requirements-300k-an-hour	06/01/2017	219	OSRS - AFK Money Maker! NO REQUIREMENTS 300K AN HOUR!
easiest-money-i-ll-ever-make-osrs-flipping-1-100m-3-ge-tracker	07/02/2017	210	Easiest Money I'll Ever Make - OSRS Flipping 1-100m #3 (Ge-Tracker)
osrs-best-magic-training-for-low-levels-in-game-money-making-guide	25/05/2017	207	OSRS - Best Magic Training for low levels in Game! Money Making Guide
osrs-500k-an-hour-oldschool-runescape-money-making-guide	28/05/2017	198	OSRS - 500k An Hour! Oldschool Runescape Money Making Guide
200k-profit-for-5-mins-work-osrs-money-making-guide	17/04/2016	196	200k Profit For 5 Mins Work?! - OSRS Money Making Guide
loot-from-100-eclectic-implings-runescape-2007-osrs	13/07/2016	194	Loot From 100 Eclectic Implings - Runescape 2007 (Osrs)
great-iron-man-low-level-money-maker-old-school-runescape	15/11/2016	193	Great Iron Man / Low Level Money Maker! - Old School Runescape
the-finale-osrs-flipping-merching-1-100m-47	28/12/2016	191	THE FINALE! - OSRS FLIPPING/MERCHING 1-100M #47
i-got-so-lucky-osrs-flipping-1-100m-2-ge-tracker	18/01/2017	189	I Got So Lucky! - OSRS Flipping 1-100m #2 (Ge-Tracker)
osrs-runescape-merching-flipping-1-100m-road-to-bank-episode-22-lots-of-3rd-age	21/03/2016	186	[OSRS] Runescape : MERCHING/FLIPPING 1-100M - ROAD TO BANK Episode #22 - LOTS OF 3RD AGE!
loot-from-500-abyssal-demons-old-school-runescape	12/04/2016	186	LOOT FROM 500 ABYSSAL DEMONS - Old School Runescape
osrs-runescape-merching-flipping-1-100m-road-to-bank-episode-27-amazing-new-items	20/04/2016	185	[OSRS] Runescape : MERCHING/FLIPPING 1-100M - ROAD TO BANK Episode #27 - AMAZING NEW ITEMS
osrs-flipping-item-sets-for-one-hour-with-7m-start-easy-money-oldschool-runescape	12/07/2017	182	OSRS - Flipping Item Sets For One Hour With 7M Start! EASY MONEY Oldschool Runescape
osrs-runescape-merching-flipping-1-100m-road-to-bank-episode-21-3rd-age-time	18/03/2016	182	[OSRS] Runescape : MERCHING/FLIPPING 1-100M - ROAD TO BANK Episode #21 - 3RD AGE TIME!
osrs-runescape-merching-flipping-1-100m-road-to-bank-episode-20-more-insane-gains	14/03/2016	182	[OSRS] Runescape : MERCHING/FLIPPING 1-100M - ROAD TO BANK Episode #20 - MORE INSANE GAINS
osrs-runescape-merching-flipping-1-100m-road-to-bank-episode-23-most-insane-flip-yet	24/03/2016	182	[OSRS] Runescape : MERCHING/FLIPPING 1-100M - ROAD TO BANK Episode #23 - MOST INSANE FLIP YET
osrs-runescape-merching-flipping-1-100m-road-to-bank-episode-24-we-are-making-bank	29/03/2016	182	[OSRS] Runescape : MERCHING/FLIPPING 1-100M - ROAD TO BANK Episode #24 - WE ARE MAKING BANK!
osrs-runescape-merching-flipping-1-100m-road-to-bank-episode-26-new-investment	09/04/2016	182	[OSRS] Runescape : MERCHING/FLIPPING 1-100M - ROAD TO BANK Episode #26 - NEW INVESTMENT?
osrs-flipping-diaries-2-3rd-age-flipping-is-the-best	16/03/2016	182	OSRS FLIPPING DIARIES #2 - 3RD AGE FLIPPING IS THE BEST
loot-from-1-hour-of-flipping-with-1m-osrs	08/04/2016	182	LOOT FROM 1 HOUR OF FLIPPING WITH 1M - OSRS
osrs-runescape-merching-flipping-1-100m-road-to-bank-episode-25-huge-profits-investing	03/04/2016	182	[OSRS] Runescape : MERCHING/FLIPPING 1-100M - ROAD TO BANK Episode #25 - HUGE PROFITS INVESTING!
osrs-alching-for-profit	16/03/2017	181	OSRS - Alching for Profit!
osrs-runescape-merching-flipping-1-100m-road-to-bank-episode-29-over-50m	24/04/2016	181	[OSRS] Runescape : MERCHING/FLIPPING 1-100M - ROAD TO BANK Episode #29 - OVER 50M!
osrs-flipping-merching-1-100m-42-3rd-age-is-so-good	13/11/2016	180	OSRS Flipping/Merching 1-100m #42 - 3rd Age Is So Good!
best-low-level-money-maker-old-school-runescape	06/07/2016	180	BEST LOW LEVEL MONEY MAKER?! - Old School Runescape
osrs-money-making-500k-800k-an-hour	20/06/2016	178	OSRS MONEY MAKING 500k-800k an Hour
the-finale-100m-from-scratch-20-old-school-runescape	28/01/2017	178	THE FINALE - 100M From Scratch #20 - Old School Runescape
osrs-oldschool-runescape-flipping-in-f2p-0gp-to-bond-episode-1-starting-from-nothing	11/05/2016	178	[OSRS] Oldschool Runescape Flipping in F2P [ 0gp to bond ] - Episode #1 - Starting from Nothing!
osrs-runescape-merching-flipping-1-100m-road-to-bank-episode-30-getting-closer	26/04/2016	178	[OSRS] Runescape : MERCHING/FLIPPING 1-100M - ROAD TO BANK Episode #30 - Getting Closer
osrs-money-maker-500k-700k-an-hour-no-requirements	09/01/2017	178	OSRS - Money Maker 500K-700K+ an hour! NO REQUIREMENTS
top-5-osrs-flipping-items-money-making-30-60m-budget	21/03/2016	166	TOP 5 OSRS FLIPPING ITEMS! - MONEY MAKING - 30-60M Budget
osrs-brutal-black-dragons-500k-an-hour-with-two-accounts-money-making-guide	24/05/2017	165	OSRS - Brutal Black Dragons 500K an hour (with two accounts) Money Making Guide
almost-there-osrs-flipping-merching-1-100m-46	09/12/2016	163	ALMOST THERE! - OSRS Flipping/Merching 1-100m #46
what-are-the-best-items-to-flip-on-osrs-how-to-find-the-right-item-make-bank	16/04/2016	162	WHAT ARE THE BEST ITEMS TO FLIP ON OSRS? - How To Find The Right Item - MAKE BANK!
unusual-osrs-money-making-guide-350k-p-h	16/11/2016	162	UNUSUAL OSRS MONEY MAKING GUIDE! 350k+ P/H
osrs-f2p-money-making-bond-in-4-hours-600k-an-hour	09/01/2017	162	OSRS - F2P Money Making! BOND IN 4 HOURS 600K AN HOUR!
osrs-how-i-made-416k-in-20-mins-oldschool-runescape-money-making	15/07/2017	161	OSRS - How I Made 416K In 20 Mins! Oldschool Runescape Money Making
1-hour-of-picking-up-ashes-runescape-2007-70k-p-h-episode-1	07/12/2015	156	1 Hour of Picking Up Ashes Runescape 2007 70k+ p/h (Episode 1)
amazing-luck-osrs-flipping-merching-1-100m-44	30/11/2016	153	AMAZING LUCK! - OSRS Flipping/Merching 1-100m #44
osrs-merching-flipping-spotting-mini-short-term-self-imploding-bubbles	19/11/2016	152	[OSRS Merching/Flipping] -- Spotting mini short-term self imploding bubbles
osrs-1m-an-hour-why-is-no-one-mining-here-money-making-guide	16/06/2017	151	OSRS - 1M an hour! Why is No One Mining Here? Money Making Guide
osrs-flipping-merching-overview-of-suggested-items-tool	14/11/2016	151	[OSRS Flipping/Merching] Overview of Suggested Items tool
osrs-flipping-merching-1-100m-41	06/11/2016	149	OSRS Flipping/Merching 1-100m #41
osrs-up-to-1200k-an-hour-easy-oldschool-runescape-money-making-guide	12/05/2017	148	OSRS - Up To 1200k An Hour! Easy! Oldschool Runescape Money Making Guide
osrs-how-to-make-money-in-osrs-easy	06/06/2017	148	OSRS - How to Make Money in OSRS Easy!
more-3rd-age-osrs-flipping-merching-1-100m-39	17/07/2016	138	More 3rd Age - OSRS Flipping/Merching 1-100m #39
osrs-runescape-merching-flipping-1-100m-road-to-bank-episode-35-huge-profit	09/05/2016	138	[OSRS]Runescape : MERCHING/FLIPPING 1-100M - ROAD TO BANK Episode #35 - HUGE PROFIT
3rd-age-again-osrs-flipping-merching-1-100m-37	04/07/2016	138	3RD AGE AGAIN?? - OSRS Flipping/Merching 1-100m #37
how-i-made-6m-in-10-minutes-osrs-flipping-merching-1-100m-45	04/12/2016	138	HOW I MADE 6M IN 10 MINUTES!! - OSRS Flipping/Merching 1-100m #45
osrs-runescape-merching-flipping-1-100m-road-to-bank-episode-31-our-first-big-flip	29/04/2016	138	[OSRS] Runescape : MERCHING/FLIPPING 1-100M - ROAD TO BANK Episode #31 - Our First Big Flip
dragon-full-helm-osrs-flipping-merching-1-100m-38	11/07/2016	138	Dragon Full Helm! - OSRS Flipping/Merching 1-100m #38
osrs-runescape-merching-flipping-1-100m-road-to-bank-episode-33-so-much-money	04/05/2016	138	[OSRS] Runescape : MERCHING/FLIPPING 1-100M - ROAD TO BANK Episode #33 - SO MUCH MONEY!
osrs-runescape-merching-flipping-1-100m-road-to-bank-episode-28-almost-half-way	22/04/2016	138	[OSRS] Runescape : MERCHING/FLIPPING 1-100M - ROAD TO BANK Episode #28 - ALMOST HALF WAY!
osrs-runescape-merching-flipping-1-100m-road-to-bank-episode-32-great-overnight-flips	01/05/2016	138	[OSRS] Runescape : MERCHING/FLIPPING 1-100M - ROAD TO BANK Episode #32 - Great Overnight flips!
osrs-runescape-merching-flipping-1-100m-road-to-bank-episode-36-wtf	14/05/2016	138	[OSRS]Runescape : MERCHING/FLIPPING 1-100M - ROAD TO BANK Episode #36 - WTF?!?!!
new-items-make-bank-osrs-flipping-merching-1-100m-40	21/07/2016	138	New Items Make Bank - OSRS Flipping/Merching 1-100m #40
osrs-runescape-merching-flipping-1-100m-road-to-bank-episode-34-4m-profit-in-one-flip	08/05/2016	138	[OSRS] Runescape : MERCHING/FLIPPING 1-100M - ROAD TO BANK Episode #34 - 4M PROFIT IN ONE FLIP!
osrs-flipping-merching-cleaning-herbs-for-a-profit	29/11/2016	133	[OSRS Flipping/Merching] Cleaning herbs for a profit
osrs-750k-1m-an-hour-oldschool-runescape-money-making-guide	27/05/2017	132	OSRS - 750k - 1M an hour! Oldschool Runescape Money Making Guide
1gp-start-using-only-varrock-shops-for-1-hour-oldschool-2007-runescape	05/09/2017	130	1gp Start using only Varrock Shops for 1 hour - Oldschool 2007 Runescape
osrs-1m-an-hour-new-tzhaar-city-money-making-guide	08/06/2017	128	OSRS - 1M an hour! New Tzhaar City Money Making Guide
1-hour-of-filling-jugs-with-water-320k-p-h-episode-7	15/12/2015	117	1 Hour of Filling Jugs with Water 320k+ p/h (Episode 7)
1-hour-of-filling-sacs-with-cabbages-830k-p-h-episode-6	13/12/2015	116	1 Hour of Filling Sacs with Cabbages! 830K+ p/h (Episode 6)
osrs-how-i-make-15-20m-per-day-flipping-items	17/12/2017	115	OSRS How I Make 15-20M Per Day Flipping Items!
osrs-how-i-made-530k-in-40-mins-oldschool-runescape-money-making-guide	09/07/2017	114	OSRS - How I Made 530K+ In 40 Mins! Oldschool Runescape Money Making Guide
osrs-f2p-and-p2p-money-maker-and-magic-xp-zammy-wines-are-insane-rn	07/01/2017	112	OSRS - F2P and P2P Money Maker and Magic XP! ZAMMY WINES ARE INSANE RN!
osrs-money-making-600k-an-hour	05/01/2017	99	OSRS - Money Making 600k + an hour!
osrs-up-to-10-7m-an-hour-money-making-guide	22/05/2017	96	OSRS - Up to 10.7M an Hour! Money Making Guide
osrs-talk-about-f2p-market-what-to-flip-in-f2p	16/12/2017	94	OSRS Talk About F2P Market, What To Flip In F2P
osrs-1-week-of-flipping-3rd-age-etc	04/10/2016	81	OSRS 1 Week of Flipping 3rd Age & etc...!
osrs-loot-from-10-hours-of-easy-clue-scrolls-road-to-100-hours-of-easy-clues	07/10/2016	81	OSRS Loot From 10 Hours of Easy Clue Scrolls! | Road to 100 Hours of Easy Clues!
1-hour-of-flipping-with-100m-on-2-accounts-nice-profit	15/09/2016	81	1 Hour of Flipping With 100M on 2 Accounts! Nice Profit!
is-zulrah-still-worth-killing-loot-from-500-kills-post-nerf	02/07/2017	68	Is zulrah still worth killing? || Loot from 500 Kills || Post Nerf
f2p-killing-obor-for-money-28-kills-loot-shown	13/06/2017	19	[F2P] Killing Obor for money - 28 kills + loot shown
osrs-flipping-merching-profit-from-collections	14/08/2017	19	[OSRS Flipping/Merching] Profit from Collections
osrs-flipping-profit-from-market-panic	17/06/2017	19	[OSRS Flipping] Profit from Market Panic
osrs-grand-exchange-only-challenge-6-money-making-skilling-and-flipping-with-the-ge-only	12/05/2017	8	[OSRS] Grand Exchange Only Challenge #6 -  Money Making , Skilling and Flipping with the GE Only!
osrs-loot-from-500-barrows-chests	12/12/2017	8	OSRS Loot From 500 Barrows Chests!
osrs-grand-exchange-only-challenge-7-money-making-skilling-and-flipping-with-the-ge-only	19/05/2017	8	[OSRS] Grand Exchange Only Challenge #7 -  Money Making , Skilling and Flipping with the GE Only!
osrs-hybrid-setup-vs-mage-setup-at-zulrah-which-is-better-road-to-1b-from-nothing-ep-25	14/05/2017	8	[OSRS] Hybrid Setup Vs Mage Setup at Zulrah! Which is better? Road to 1B from Nothing  - EP 25
market-talk-why-isn-t-the-bgs-10m-bgs-vs-dwh-ags	19/11/2017	8	Market Talk: Why isn't the BGS 10m+? || BGS vs DWH & AGS
flipping-with-10m-for-30mins-what-kind-of-items-you-should-do-with-10m-stack	22/12/2017	8	Flipping With 10M For 30mins | What Kind Of Items You Should Do With 10M Stack
osrs-grand-exchange-only-challenge-11-money-making-skilling-and-flipping-with-the-ge-only	21/06/2017	8	[OSRS] Grand Exchange Only Challenge #11 -  Money Making , Skilling and Flipping with the GE Only!
osrs-grand-exchange-only-challenge-9-money-making-skilling-and-flipping-with-the-ge-only	06/06/2017	8	[OSRS] Grand Exchange Only Challenge #9 -  Money Making , Skilling and Flipping with the GE Only!
osrs-10m-to-1b-with-ge-tracker-ep-1-800k-h-already	02/03/2017	8	OSRS 10M to 1B with GE Tracker EP.1 | 800K/h already!
osrs-10m-to-1b-with-ge-tracker-ep-2	14/03/2017	8	OSRS 10M to 1B with GE Tracker EP.2
osrs-grand-exchange-only-challenge-10-money-making-skilling-and-flipping-with-the-ge-only	13/06/2017	8	[OSRS] Grand Exchange Only Challenge #10 -  Money Making , Skilling and Flipping with the GE Only!
osrs-10m-to-1b-with-ge-tracker-the-beginning-ep-0	28/02/2017	8	OSRS 10M to 1B with GE Tracker | The Beginning EP.0
osrs-grand-exchange-only-challenge-8-money-making-skilling-and-flipping-with-the-ge-only	29/05/2017	8	[OSRS] Grand Exchange Only Challenge #8 -  Money Making , Skilling and Flipping with the GE Only!
osrs-how-i-made-1mil-in-15-minutes-fletching-a-crossbow-oldschool-runescape-money-making	20/05/2017	8	[OSRS] How I Made 1Mil in 15 Minutes Fletching a Crossbow! Oldschool Runescape Money Making!
flipping-1m-to-50m-in-f2p-1680k-profit-with-35mins-in-game-time	23/12/2017	8	Flipping 1M to 50M In F2P | 1680K Profit With 35mins In Game Time?!?!
osrs-top-5-afk-money-making-methods-oldschool-runescape-money-making-method	13/05/2017	8	[OSRS] TOP 5 AFK MONEY MAKING METHODS - Oldschool Runescape Money Making Method!
osrs-10m-to-1b-with-ge-tracker-ep-3	29/04/2017	8	OSRS 10M to 1B with GE Tracker EP.3
osrs-flipping-guide-for-beginners	18/04/2017	8	OSRS Flipping Guide For Beginners!
